user_id,company
11224396,TAB Worldmedia | TweepsAround.com & AugmentedMEX.com 
5854525,none
27509342,none
42926952,none
9296223,none
64608532,The Accessibility Foundation
4482541,Eight Media
50195182,none
3003484,none
18690711,none
26318952,Webtechnology
42583032,AutoUncle.com
19591841,none
25859972,Virtual Affairs
20278401,SellAnApp.com
12183418,none
20177071,none
25289682,none
27600582,none
9829023,none
42999852,none
29432162,Sogeti
13981387,none
19915341,none
26618472,none
54187252,none
64866452,none
24952692,Infohubble.com
4154993,none
12411329,none
9252100,none
62072332,LabelA
27139802,Games for Health Europe
40939752,none
43612862,E.novation 
68672162,Inedo | The Daily WTF
34911622,none
13021812,none
27019072,none
39523772,none
39472492,das a&o UG
28788902,DRiM
29159542,none
42983552,none
68719232,none
12292969,Zwapp 
65585432,none
28519362,none
62989492,none
14444279,none
14005625,none
8497252,none
22893621,FencingFleas
41658532,none
21069001,Egeniq.com
26692042,none
6635248,VIRVIE | PRSNNL
63581802,none
11620296,Mobtzu
27979642,none
68895082,none
12680059,none
47275502,none
29609212,none
40779612,none
10402672,none
34914702,none
8538996,Clearly.nl
53175182,none
27406672,none
10171997,AppFellas
14659651,soocial
61375352,none
21756801,ING Bank
10307018,Resn
45991312,none
66457232,none
38265372,none
13418459,none
21501611,none
40889622,none
6472547,none
45583092,none
62339752,Service2Media
14770861,none
13427310,none
20179111,none
66439262,none
61153342,SoftLayer
5577710,none
7867017,none
12175021,none
13264620,none
10900592,none
15689811,none
29611122,amsterdam inbusiness
19349451,none
12811290,none
48536402,none
43708502,none
4175900,none
12978769,none
13419539,Resn 
66085722,none
9275413,Tribal DDB Amsterdam
56468182,none
21049211,none
26461912,none
18068321,none
13776703,none
33178392,none
53529012,none
12611572,none
11102353,none
29318662,none
14152233,none
13047973,none
13529582,none
11363787,UvA
14262145,none
8635438,none
25301142,none
29871272,DBH Nederland
63119452,none
8500403,Elasticbrand
8627337,none
7855143,none
46045772,The Hague Sustainable Studios
25303042,Rietveld Landscape
7319837,none
21781601,none
15053361,none
14809791,none
66697272,none
54787832,I&DT
31225992,none
33284892,none
37840102,none
13571418,none
55498092,none
31022122,none
12786918,yuru.nl 
6436313,TMG
9735446,none
4258775,none
32486972,none
34912072,ThirdSight
13905071,none
13799694,Xebia
24059202,none
11187616,none
50379922,none
27779742,KLM
4880647,aFrogleap
20682521,none
6312110,ppdesigner 
37590682,AppMakelaar
19867521,none
36787902,Toogethr
12761540,Het Beeldbedrijf 
4976620,none
4207159,none
63754842,none
11118670,none
24472012,none
47192302,Freelas.net
29705392,none
37307552,Rabobank
21767731,Virtual Affairs
27560532,Stylishmedia
14204874,The Mobile Company
29043902,none
11773982,none
31523992,none
8761185,none
32878642,none
41998572,none
3945775,none
51273972,none
4862358,none
53409892,none
16930491,none
11425375,Atlassian
39993652,none
44290942,KLM
43659192,none
43381462,Mendix
43603232,Innovattic
64637182,none
12062118,Shift F5
33506102,none
12179855,none
13751941,none
4520280,Layar
37721552,Itude
10826361,Desk.nl
20935961,Microsoft Netherlands
28231242,none
21978491,none
12347186,Girl Geek Dinners Brescia | Gummy Industries
10568168,none
15796971,none
11702696,none
10050142, NY
67426502,none
7753402,Achmea
23054591,Gillz
6701842,none
11699845,Automotive Navigation Data
49773542,Big Nerd Ranch Europe
43154802,none
19593371,none
27805022,Galaxy Tab
13842074,Sixpack
13264575,AppSalad
35205262,none
27776672,none
52070612,Danger Cove
7413516,none
60706682,3dhubs
14529429,Studio Geenen
4187622,Nieuwe Code | Lable A
41097742,none
10834343,none
1133509,none
11774235,none
59025522,none
5159092,none
32560742,none
66054162,3D Hubs
13264538,User Intelligence
8833874,none
51148632,none
24560922,none
42672182,none
26571832,AI Applied
27112502,Noodlewerk B.V.
10481033,none
11124705,Resn Amsterdam
12810589,none
39187872,none
6616560,Rijkswaterstaat 
36576402,none
61950172,none
28944632,none
36845942, Deloitte's Global 
34933562,none
48098272,none
8873590,Apps For The Planet | Combustic
7415406,none
16475211,Ubisoft | Fantactic
11719412,none
41304652,none
22203871,none
13272700,none
11151828,none
1478742,none
41885912,none
11830550,none
38543632,none
10300339,none
11385723,Scrap Connection B.V.
29792142,none
4201013,Logica
9058668,none
36973772,Atlassian
43493292,none
18084771,none
8597287,none
21777541,none
14538338,none
29743912,Vodafone
13946841,none
42185092,iloveyoutool
31228852,Waag Society
7775150,Cloud9 IDE
24090022,none
13980174,none
62221172,none
65013742,none
5802132,Imation
40783072,Us Media
11970106,Hyves
38378162,Thirdsight.co
55365582,Vectory Studios
19455701,none
11206647,appnormal
7754397,Newcope
57479992,none
28867102,Isobar NL
48094352,Vungle
42672962,none
5015245,none
32321102,Amsterdam Gentlemen
6700310,Info.nl
34067652,Waarvandaan
14492831,Brightstar Software
26507832,none
68889582,none
11432056,none
20494111,none
8012968,Party with a Local
21428921,IceMobile
11004954,none
24558512,Nationale Beeldbank
36672,none
23648011,none
21671931,none
41280932,none
10588028,someotherbean
60432352,none
34103612,none
6595380,none
34911962,none
61427812,none
9037138,Peers.me
12848765,none
55316332,none
52098032,none
12562983,none
12223326,TranscribeMe
13850110,none
29871112,none
7432231,none
7746788,none
23614391,none
12753663,none
35392142,Hyves
9127172,Spaaza
12891571,none
38404572,none
30527012,none
34263862,VanBerlo
12210124,Mendix
4176752,none
43049312,Cupitar
34911672,none
40241312,none
57853852,OpenLabel
42481592,AssistiveWare
8137562,none
32218682,none
47077102,none
44201852,none
14360936,none
22253101,none
20906351,none
56982082,MobullSoft
67537332,none
62080652,Glimworm
12118068,Mocreate
4119767,Samsung Electronics Benelux
29550622,none
13441129,none
31764032,none
52171932,The Next Web
68173862,none
10769588,Twoppy
50070482,Eigenta
13598899,none
11479768,Radboud REshape Healthcare and Innovation Centre
10818756,none
37899642,none
14633658,none
40567482,MobPro
41333702,none
14413104,Obvious Matter
43496822,none
9817306,none
28834712,none
13980076,none
59936072,none
14409992,none
19828191,none
7957073,Mobtest
24179822,none
12943425,none
4133421,Layar
46802212,Yunoo (AFAS Personal)
7967954,none
21773641,Start-up Plot
21706651,DPid.nl
39844762,none
31180922,none
55144502,none
25903272,none
9582318,DollarApp | iOSDevCamp
31728872,none
5117983,none
13234504,Startup Weekend | Wakoopa
62068232,Wrap The Gift
12784168,none
62348212,none
8213072,none
27729192,Eugene
20993591,The Mental Faculty
12392067,none
13577996,none
11483393,none
13767740,none
34735632,none
49303072,none
5573287,none
11278334,Pachube
46089522,none
24007002,none
2509686,none
21757531,IceMobile
43488872,none
49550362,Mobile Professionals
35211552,Rockyard
8752867,none
25905382,none
8529676,none
4942090,none
28963812,none
13333626,none
37840942,none
43803642,M2Mobi
57034812,none
41172822,All-Is-One Consultancy Amsterdam
44612232,ThirdSight
11932341,none
17090741,none
21078521,fngtps
8837053,none
19589781,none
64012412,none
8150590,Butterfly Works
66424872,KNMI
20321331,none
21762051,Hyves
34853052,Codelle | BarTune
12179808,none
8836418,none
14891661,none
66197292,SoftLayer
23271811,Monotone Studio
24085472,none
28902402,none
8706864,Gravity Mobile
62576202,none
22455851,none
50993212,none
27204882,Sping
14294233,none
12137621,none
9758182,none
21170671,none
27051002,none
24563232,none
24301342,Rietveld Landscape
11357834,none
40683832,none
29740042,none
29734622,Strawberries | DutchTag
30258832,none
57163732,De Monsters
31956732,none
60017472,Imtech Industry International B.V
40612372,none
11965303,none
32114702,none
8531915,none
9811805,none
7000626,none
324653,none
14275071,none
7398132,Medco Celesio BV 
23790282,none
9915830,none
11272737,Skitsanos Inc
42332742,none
31304542,Klender
64009512,none
18747051,none
12393604,gummyindustries
29807042,none
66328412,Dealroo
28686022,none
7963636,Contrail
35005612,M2Mobi
10076637,RoR
13006110,Coworking spaces | letmelinkyou.com
6538171,none
59353722,none
45826052,The Big Nerd Ranch | Agbo.biz
21656541,ogilvy Amsterdam
34683782,none
37985792,Knowmads Business School
24472352,none
49708262,none
9738993,none
36221102,Readmore
36803532,none
4180996,none
59564832,The New Lemurs
61658742,none
62613662,none
66439272,none
12328701,none
12030231,none
21218561,none
44699772,none
44180222,none
7166291,none
44171752,International Society of Typographic Designers
11720408,none
16721641,none
29286722,How About You
21348161,IceMobile
21666441,none
2267488,Frog
46047852,none
8394628,Waag Society
22080141,Dexels
15816971,none
46794702,none
7997907,Vectrix
40991462,Itude Mobile B.V.
40161232,Initium
25108592,none
28419292,none
41709332,none
31029922,none
44182552,none
29509792,none
9827493,none
12536527,none
18328091,none
20321031,Rietveld Landscape
62573312,none
40888362,none
14231382,none
38827262,ICS-FORTH
1568334,none
29807002,Sterc
13834457,none
13280156,none
14366325,none
25301012,Gyro
9705708,none
47616112,none
66683122,none
10794079,none
62575042,none
13711201,Mobile Nuggets
29237182,none
29508732,none
31230742,none
12217553,none
8739814,none
6871448,none
20713741,TrueSoftware B.V. 
42294472,none
27311392,none
13358053,Doo
6912777,none
13215303,IceMobile
27412552,none
19005241,none
13802131,none
14469296,Appy Road 
47728752,none
11158316,afrogleap
64742252,none
45721822,none
27223862,none
11451764,none
14241056,Morse on Mars
62096862,none
35305142,none
12806564,Lifelapse | Mobypicture
19852301,none
37080002,none
43498452,none
27001132,RevSpace
37150022,none
824369,none
28771292,MCP COM
7103021,Distimo
27582312,none
26318212,none
24809732,none
44166252,none
32560182,none
60024702,Benhauer
63942162,none
36871532,RocknDonkeys
11875561,RocknDonkeys
11022503,none
31313472,Publitas.com
27017992,none
24764282,College of MultiMedia
47220272,none
3733573,none
27189922,none
13916533,none
31184972,StartUp Weekend
34911382,none
12585553,Hyves
40883492,none
34666442,BE-WEB
14377937,Roc ASA
11134549,none
40562842,none
40725392,none
30683342,none
7943407,Strijbos Design
8539005,none
43059922,Cupitar
31225682,none
43513462,none
6870350,none
18064771,none
11972803,techMAP Amsterdam
29516622,Libris bookstores
11830020,none
19406331,Portmantoo
13358190,none
33655132,Chummee
65433702,none
9181844,none
37829312,Sogeti
13677583,Pridis
29702162,InteractiefWeb
28761982,Sanoma
10786952,Sanoma
12654878,none
56907592,Applications Developers Alliance
27665342,none
54110422,Phusion
28329682,none
14610564,none
10732910,none
12384506,none
63726612,none
31371242,amsterdam inbusiness
50581762,none
24754462,none
13513851,none
38484382,none
12217849,For Inspiration Only
38096322,none
43036102,Colorjinn
14649765,none
25668012,Evalutions
10163808,none
55817452,RSM Netherlands
65962082,none
1508923,none
19403471,Beyond Brands
29033722,none
29732172,easytobook.com
48834012,Hyves
8769073,none
53432982,none
37889712,none
4906402,Info.nl
19326511,none
32472662,IceMobile
9658142,none
52410582,none
10122306,Lev Kaupas
53281472,none
13682730,none
61013962,ThirdSight 
64143752,none
12629751,Egeniq.com
27819302,none
29813392,Releaze
26354962,taxiID
21172311,Bitnomica
29081432,none
44518122,studio05
64130512,none
37310372,none
36686802,none
28425962,UMC Utrecht
20674301,portfolioadvies.nl
62838772,none
65478372,none
67865072,C128
21614981,none
8832321,NOS
11251692,none
14205921,Afdeling Buitengewone Zaken
20488371,SPING
27880932,none
13264386,Real Thinks B.V
37781612,none
29717212,none
4165160,none
13700565,none
50857462,Sproudly
65311632,none
35011392,none
14588593,none
12180526,none
48986172,none
66611242,none
4242332,Marktplaats
40706082,VI Company
11689510,none
29728452,none
18443721,none
14394099,Mijneigenincasso
19611031,Spil Games
36857382,none
14401969,none
43705502,none
4281020,Braxwell | Weetmeer.nl | Politieke Landkaart
29602422,none
32155322,none
27668232,Calendar42.com
33195832,45north
43374722,none
43373502,none
8776455,none
34911992,none
41501792,none
45827372,none
9579100,Rock & Code 
7714061,none
705093,Glimworm
42385932,Meebee
50214882,none
8951708,none
19248691,none
41393652,DTT Multimedia
8657551,DTT Multimedia
13858999,Conference Compass
36693482,none
29703262,none
14240872,none
53630692,none
9144508,none
56213782,none
40009282,none
21003901,SpiNG
12955624,Lifelapse
10253682,none
36977692,none
8539106,none
21363591,none
41104372,none
46152742,none
21767801,none
35660862,ML Business Development
39167382,Xebia Netherlands
9923507,Layar
52670602,none
11667271,moblio.nl
10538050,none
41319802,none
11563492,none
13810557,none
44517972,studio05
8495757,none
8968280,none
9800321,UtrechtInc
18454371,none
51581512,none
19122371,none
68737282,none
31813382,Avanade
61613552,Nyenrode New Business School 
12727567,none
11150125,Localsensor | appdeveloper
40061772,none
38335602,none
12467918,none
38764642,none
14295303,It's a virus
23460281,none
24753972,none
40708652,none
8454181,none
19463771,none
20010371,none
33504402,none
9152200,VX Company
4172120,none
19596261,none
24017832,none
10036672,TAB Worldmedia
13419107,none
7878509,none
47889672,Good_Technology
22961201,Copter Mobile 
8514381,none
10252853,none
42783612,none
29937542,none
8603488,Shazam
24660292,AppAgents
35292772,none
29473962,none
55110502,none
13921732,none
4300512,none
36571592,none
45575962,FeestjesMetKoring.nl
34968392,none
6870260,none
44172682,none
10076119,none
26414732,Kennedy Van der Laan
12431048,ex-labs.com
47451302,none
23574281,none
27015222,NSCoder Nights
18214041,Applified 
67951552,none
37849392,none
47211082,none
56334132,none
9019003,none
42898332,none
6097902,none
6550896,Mangrove
64189612,none
21170891,Noodlewerk
44535712,portfolioadvies.nl
28418832,Founder Institute
30361622,none
12924151,none
21177131,none
9537571,none
27881692,none
37094082,none
12867389,Castle of Performing Arts 
21002221,none
68852942,none
30361512,none
24261372,none
61427772,none
14567716,none
7808712,Sogeti
14374587,none
68227362,IT specialist 
8539699,none
62390812,none
12245074,none
22300021,none
22967781,none
4692321,Betribes.com
24171902,none
17481511,none
10935979,none
13449599,none
42678512,Facts Figures Future
29162452,none
44974392,thePENTHOUSEPROJECT
35292622,none
34898242,IKEA Systems B.V.
37217412,none
25738802,none
41270382,Ruwer
63935432,none
6027150,none
15349941,Software Improvement Group
65329002,Braintree
65465502,Philips
13700182,none
42897952,none
20025291,none
55258022,none
2878356,none
8832748,indiefuzz | 3rd Tribe
5623319,none
54103442,none
14588918,Betribes.com
29519062,none
39519892,none
24006072,Publitas.com
8385263,none
35386092,none
11217221,ikgebruik.nl
61796032,none
8661669,Innovationlab
55249972,none
10927458,none
4176396,none
8488384,none
41384922,none
8680527,CRAVEamsterdam | 123dressme | CRISSPIX
20980631,none
55957582,none
26416092,none
55245942,none
53222722,none
34469412,NRC Media
35019142,none
12192735,none
42351142,none
30865292,none
37524342,none
38356152,adidas
10853940,none
33306192,none
1862808,Black Pixel
24473262,none
17429501,none
44517412,none
45692272,none
12273026,none
44055072,none
37010772,none
62279082,none
13148990,none
21895241,none
25030952,PressPage
65340382,none
51986382,none
13931342,Sanoma
52168612,none
32737442,none
26874832,none
42576232,none
29563262,none
21170571,Innovattic
8353044,none
49884382,JOSEPH & ADVOCATES
27030952,Layar
13971388,none
28455662,eFocus
27674262,zootz
11661980,none
22391791,none
6898175,none
31432162,none
26710022,none
62077652,none
29473502,none
53698462,triposo.com
36217952,none
9252039,none
59433982,none
45282802,none
12957200,none
12536664,none
39756942,none
11386318,none
14521445,none
39758432,none
13491114,Uitgeverij Unieboek | Het Spectrum
60165762,none
17184251,none
4551041,none
38169082,none
24973812,none
10089293,none
29812082,none
27394322,gopetition.com
34394322,none
56673282,none
16337921,CWR Mobility
5661624,none
6634962,nine connections
8088024,Felt Tip Inc
57863192,none
54188512,none
36035372,Grappster
45558552,Q42
45184842,none
25206032,none
10572717,none
31315572,none
7753396,Skylines
40985002,none
12438460,none
58446792,none
29658982,Releaze
27205712,none
41384002,Sogeti
29040912,Imbu
32540832,none
43114652,Curiehom
17671491,none
31028862,none
19407011,none
9335479,none
41785452,none
48356262,none
10566840,none
13913918,none
46158772,none
1857999,none
28434652,none
39824542,none
38453422,none
64465282,none
35142432,none
30158622,Viadesk
11252236,none
11299295,gemeente Amsterdam stadsdeel Centrum
49877832,Appmasters
34267002,hidashhi.com
23919552,Unilever
21352021,none
24611582,none
13457611,Dart Online
23051151,The Incredible Machine
26544852,Big Nerd Ranch Europe
30347502,WUBBE | Fox on the Run
10136808,none
29797452,none
18967901,LATAM
62345492,none
40887462,none
3387271,Sogeti
55238282,none
29442232,Synendo
13464052,none
61222892,none
27324892,none
43418462,none
10084148,none
41273572,none
28753772,none
49444312,Applified
22337791,none
19917391,Obvious Matter
65952122,none
43310822,none
29705072,none
12907207,none
21958681,Rock & Code
35394972,Rockyard
13421166,none
18391941,Rebicycle
28954422,none
62229562,none
44282692,none
40288372,none
4182558,Foodzy.com
12234863,Remotely.tv
38454742,none
38152492,none
4175806,none
26630592,none
13531252,none
54960042,none
64293282,none
46885092,none
32932782,UNITiD
18891921,none
15685501,none
10584283,none
14241025,none
24659292,none
21673261,none
19423441,Waag Society
21359651,IceMobile
10992402,none
54638592,none
4301042,eBuddy
67976392,iCept Media
29788362,none
11561056,none
67069992,none
44512252,SmartSpotter
20586301,none
8655195,none
31883852,none
4175530,none
13736596,none
7446726,none
60880492,none
33952082,Ibuildings
29259512,none
4175943,Crowdriding
55956942,none
13613047,none
13165364,Grambler at Gramble World
38349122,none
9987516,none
10339947,camerize
26038612,none
23874532,none
32126642,none
41116422,none
13044989,none
40269042,none
12046693,AppBrain | Codemonkey
22244321,none
9512208,none
14069017,none
29704872,none
10331599,none
13767560,none
8669241,UNITiD
13790139,Microsoft Netherlands
33284142,none
27775812,none
7106072,none
20581381,none
38676762,HvA
11028932,Layar
13435408,Studentify
44560322,none
13022170,none
45269422,none
41285332,none
35294172,none
32494822,none
50346222,none
43614952,none
36363012,none
14351278,none
11885679,none
47824472,Flight 1337
33106212,none
56570962,YouthFoodMovement | practicalpoliticseu
13102566,Social Motion
62346442,none
29789872,none
43611702,none
11500221,Booreiland
13785268,none
21756421,The Next Web
29434202,Lightstorm Productions | Replay My Day
24342122,none
62860622,none
12686951,none
13038351,none
7003319,none
4150873,none
43112352,none
19538781,none
15432501,sendmetospace
21752011,none
34743152,none
9416621,none
8657994,The Widget Company
29774752,Avanade Netherlands
27773672,none
10490189,none
5922727,One Shoe mobile
36967002,Konnektid.com
32873262,none
53665752,none
24029782,none
62483882,none
15268801,none
4139061,Www.overstappen.nl
66559332,M2Mobi
4826073,Nedstat
29515722,none
7204581,none
30793972,none
49050602,none
14204273,mendix
4175742,none
7832946,none
6829196,Firmhouse
4242254,none
52644242,none
8768142,Mean Bean | Weekbreek | Qikker Online
36220992,Readmore
13297995,none
29032332,none
28614092,sanoma
12213533,IceMobile
30879662,none
41746322,none
13741635,AIM
8719964,none
15800811,The New Lemurs
10126104,IBM
9923373,none
9058801,boswachters | redeemcodes
39457442,Airbnb
46039762,none
8196864,none
44328312,none
7042502,none
31544042,none
24560402,none
50082702,none
56787612,none
37191012,Tweakers.net
34666912,M2mobi
12806571,none
45080922,none
21701941,Hippo
43707662,BNR Europe
11308223,none
41174912,none
14412955,none
42896132,none
21350841,Brandwalk
14537789,none
9470273,none
42797552,none
24866862,Glimworm
27007012,none
21695931,Informaat
23808182,Innovattic
46952502,Innovattic
12676439,none
29429322,none
40672212,Poikos
31045902,none
29545782,none
23457591,Etative Solutions
8753161,none
16475891,none
18781991,Mirabeau
42315562,none
43844292,niApps.com
12291601,none
10723404,miljoenhuizen.nl | twirus.com | ztickerz.com
44283752,none
41386522,none
48696142,none
66186222,none
44804922,none
32314952,none
40266142,none
13144930,Emesa
37945382,none
38544732,none
24751602,none
16723971,none
39514012,Sogeti
34287282,none
39829622,ebuddy
53092772,none
21350851,IceMobile
25667362,none
3401208,none
65605562,none
9529337,none
24564692,none
27091412,LAROOY
23548281,Sanoma
14811971,philips
33966242,none
11311795,UvA
38969392,none
11666866,none
34913372,none
36847822,none
266737,none
42011422,none
68831902,none
4175972,Awesome Amsterdam
38109392,none
14478397,eBuddy
14110293,UvA
13309000,none
13380225,Redhat
13750711,none
21190531,OC Graphics | OCG Studios
13238752,none
14581467,none
34915622,none
7413467,none
22595231,Hoppakay.com
34573432,none
63578702,none
31430692,none
30265362,none
40618022,none
7200306,Xdin
43723912,isobar
23914022,Isobar
12268894,none
13154547,none
12207629,none
65962742,none
2378777,MindsMeetup
12810607,UNITiD
9384129,GetThatShoe | App_etisers
5514494,none
7507087,none
55155552,none
9885167,none
7962088,A-ccelerator.com
24488212,Zarra Studios
11874375,none
26690132,none
27674202,none
12167148,none
702641,Glimworm
28332852,www.xaton.com
30260442,Offspark
31026992,IKEA Systems B.V.
16432731,none
36367882,none
34269832,IKeA Systems B.V.
13651999,Plot
14189674,SoftLayer
35530722,Beep Boop Beep
31984402,none
45695892,none
56341362,none
7158617,none
50778532,Regenmelding
13353902,none
58707072,none
14103041,none
8415323,none
23482771,46elks.com
57869562,Mamma Soup
13906600,Ideedock
14529715,none
8714604,none
21998931,none
14572179,none
24091722,none
4176409,euretco
60623322,none
7485439,none
25193262,Olery
7334263,HvA
4372747,Rijksmuseum
53636332,elgentos ecommerce solutions
36228222,none
59180352,none
5015704,none
29793952,Frienzzup
66694342,mobilebuyapp.com
42187392,none
7308234,none
14500509,none
66174862,none
61168342,SoftLayer
42202432,none
13688184,none
31956012,mobtzu
17095491,none
56329902,none
48954792,none
21516401,none
28384252,LayerGloss
29807242,none
14394320,none
23454901,GreenOnline | Sping
7135235,none
39759902,none
60818172,none
10991017,Buzzer
21501461,none
43208902,none
29604432,none
56086042,none
27579762,none
8569864,none
39253712,none
4109364,none
27972762,none
66159082,none
37499572,none
48470412,none
62616942,none
52394672,none
10778124,none
52413392,none
35263802,none
9080388,none
34157022,none
23551751,NewLogics
45192932,none
4103836,none
62568422,none
42783202, App Store Amsterdam
7956548,appcodex
43249432,none
43439582,none
12794344,criticube
54634622,none
62205892,none
7160157,none
38975582,none
36870332,none
31047822,Waag Society
64785592,none
43496152,none
14165669,The Pill Tree
13389088,none
10857357,none
27931972,none
29356922,none
25808102,Pocketmenu
13007063,none
8898519,none
11666932,Sporous
30037022,none
27676222,none
6378965,none
41272912,Planspot.com
21183371,none
61966512,Waag Society
9691922,none
13990648,none
9363941,PWIG
54512502,VanderWood B.V.
21964451,none
2821285,maykinmedia
43708692,none
24258622,none
49341902,none
47347162,none
3178269,none
39181352,sogeti
14492220,Open Eindhoven
28790322,none
9534472,none
43713422,none
11939846,Layar
17660061,Linkeado
13675087,none
35114572,Itude Mobile
38765492,none
61302472,none
36149612,none
32829192,none
16274561,none
12979823,Owlin
13463657,Iddiz
11214121,Twitcident | Greetinq
6391038,none
29125582,KPN
38860332,KPN
29033142,none
42487762,none
15354831,Elan Strategie & Creatie
55380492,none
39519802,NorthernLight
38815702,none
14327689,none
12305923,Mandiri | DonnaUniversalis.com | RinetiC.com | SidewalkPhilosophy.com | MicroStartup.org | Warenhuis.NU 
43609512,Resn
46030252,none
39552532,none
13845382,Qiy
32393602,none
14383248,22y
8542720,go2people.nl
21755001,none
7271298,none
8015893,none
12888889,eCRM | Mocial
34782962,none
12986808,Xebia
13311941,eBuddy
29292612,none
8394687,none
19960591,none
12335712,TEDxDelft
55099102,none
54755122,none
49040832,mapplica
38660602,none
14889321,none
27410662,none
66144192,JAN | propell
41693922,Label A
15803131,none
20117671,none
43487902,none
68500662,none
12344314,none
11891780,
7993562,none
15741161,Sencha
6271497,Mangrove
64458732,none
10252997,none
33166152,none
9111476,none
34911952,ThirdSight
12628573,none
23960382,none
5912096,Itude
12194679,none
29047152,none
64266172,none
29511292,Creatieve Koppen
26920792,Hyves
68734102,none
63862592,Owera Software
39823872,none
14583585,none
30682752,PressPage
40682632,none
11235159,Tam Tam
22965401,Unc Inc
4176035,Mocreate
21662171,none
21349601,PINCH BV
20215221,none
15258171,iCE Amsterdam
11913345,none
23938182,videoview
14070256,none
14240741,vormfout
22974831,none
772746,Open for Change
55248922,none
8089719,Macmeo.nl
29291662,none
53004442,
29508542,none
40900942,ruwer
9415924,none
4176476,none
36973372,none
11354055,none
24434702,none
21497491,Workaway
8535477,Layar
31734432,none
52046132,none
39062172,none
14188373,none
6921216,none
5298457,none
65322052,Easy4mobile 
55112272,none
4955950,Rabobank
12138303,Greetinq voicemai
6053048,Mangrove
27704922,Competa IT
26331922,none
29122322,none
62344602,none
14316265,none
21192171,none
14811461,none
10924685,Joules Media
42392412,Knowledgeplaza 
50569182,none
12421369,none
7202913,none
7778832,none
14209259,none
5318587,PressPage
31022092,none
21000141,TomTom
9532904,none
6617710,none
13021754,none
23136921,none
3145527,none
24516222,none
7808366,none
23545641,none
51429642,none
14426859,none
32758562,Masterdam
35513362,Designlapp
42797172,none
14550763,none
41393272,berta.me
8762028,Sanoma
14118004,none
56709432,none
13867913,none
5676327,mobylizr
12859359,none
13287125,none
34717232,none
8893477,none
20709681,none
18262801,Planspot.com
19517601,none
5596533,none
2850333,none
4354,none
5705455,none
8274941,none
54460642,none
62738542,Rockstart
21357861,The Mobile Company
35387942,The Think Tank (NL) | UvA
21799921,it's a virus 
10971877,Social Media Release
21896611,none
9419066,Zombie Gunship
8551600,Hyves
13526163,none
40196912,none
46922712,none
11652294,none
47550012,none
107055,none
50874592,none
13934114,none
22783391,none
55729092,none
14486983,none
8608095,none
48633352,none
14244219,none
8148417,sowiso.nl | plot-app.com | www.otterlooventures.nl
63001752,none
40217612,Readmore
13726714,SARA
26842532,none
10314638,none
44057642,Pixelmator
43898842,none
47325362,none
14063012,none
29297512,none
24754482,none
9127135,Service2Media
35955212,none
8802200,none
8232817,none
41701862,none
8876623,none
7968038,none
4571505,none
29815212,none
12373004,none
11984177,none
51000852,none
40269792,none
49776652,Creyf's Uitzendbureau
25556532,none
63466542,none
58153372,none
14810241,Smart.pr
29611102,none
9440464,none
14410919,none
27151712,PastBook
27684182,none
32242942,none
31114242,none
32156142,Schwandt Infographics
21002881,none
8627860,none
29800172,M2Mobi
14246972,none
14305248,none
3776561,none
8569245,none
10841080,none
50855922,none
10854320,Plesents
12165594,Republish | Fray.it
13583878,dotBlue
12089126,none
63726212,none
25646232,none
54745602,Layar
20490541,none
65006602,SportSquare
11261176,XS4ALL
61953302,none
46669782,none
56109412,none
27559042,Acato
44801992,App Store Amsterdam
45753392,PimTim
2603422,none
9036803,Gitlab.com
42949512,none
30278552,none
34478692,none
56329162,none
36573562,none
12376838,Geosophic
4180752,none
13868683,none
37846652,none
68087942,none
43287612,Surf-ivalgids
36509452,Meetin.gs | Dicole
65761182,none
38477842,none
61022172,none
8535443,none
42410452,none
42274532,none
12676456,Share Square
17775891,none
8620829,Fashiolista
27726012,none
38545792,none
4166857,80beans
33504352,none
37590482,none
12442843,none
8362105,InternetCompagnie
7873846,none
3836477,TheSaintsNL
12428070,none
33929472,SNT
45371292,none
62509232,none
37960052,none
47748992,none
12441855,none
7272662,none
34783012,Sixpack Mobile Applications
15805351,sixpack
36029772,none
12281887,YipYip | Hogeschool Rotterdam
50993122,none
34911762,blendid
13311782,M2Mobi
50068992,Bouncespace
35006112,none
5904272,The Next Web
18686451,none
8648699,none
40524932,none
6689953,none
33966322,none
36124182,none
28742772,none
27302212,IceMobile
67282242,none
52042832,none
12955597,Lifelapse
25191632,none
8569005,none
60313492,none
35503882,M2Mobi
26409962,StudyFlow
14553296,Ogilvy
15662001,Eveoh
14093786,none
9353000,none
6907539,none
60912672,none
9676911,ePSIplatform.eu
8494017,none
11575810,none
66791932,none
11773891,none
5210189,none
12786856,none
6056803,none
31028902,none
596047,none
29358122,none
29868772,none
11255480,none
5998223,Vivango
14294505,none
46661522,none
15258011,none
5961520,none
13430067,none
65499952,none
68730622,none
25998652,elephantcandy
10115890,none
11755172,Replay My Day
12112406,http://vijaykiran.com/
59764482,none
38252072,none
3884438,none
43728692,none
13264595,none
20009241,none
7753558,eBuddy
64025202,none
13260034,none
13495321,none
9908797,Distimo
26907352,none
14436157,none
13589283,none
39985342,none
21660321,Ezzenze Media
13744141,none
36869732,none
44025152,none
13183581,Exact
36450512,none
44286142,none
45189912,none
4205193,Mobilaria | Tunin.FM
8311859,TTY
10634526,none
31576952,none
47325692,none
8676275,none
55158062,none
28956052,none
11672322,none
30516382,Basket Builders
18875771,none
21758011,none
41969532,WappZapp.TV
43702152,QookQook BV
12155994,QookQook BV
4180650,Somehow
30920992,none
50458862,
10922714,SchedJoules
60022622,KPN
13347106,none
17672551,DPI New Media
19124801,Hyves
13264766,none
31477022,none
11238603,none
8176713,none
24666182,none
7254157,none
43500852,none
37228802,none
24003042,none
44005752,LECTRIC
65845192,none
8020156,none
62076672,none
8361241,none
14571923,none
61725892,none
42911712,Hoog+Diep
62074812,none
28977232,SurveyTalent
43377972,none
25497102,none
25203272,none
66451022,none
35111042,Vicarvision
9787079,none
14893541,none
12376776,none
67952842,none
37554812,none
28529792,none
10818666,Expose Media
69455522,One Penny Entrepreneur
10969561,Body Coaches
15739741,none
7760420,none
17090381,none
27305522,none
68967112,none
13989530,macoscope.net
5747670,singel146 | peerreach
40091382,none
36836412,none
9677004,none
8742554,none
18894891,IZE
8802931,none
31305242,none
62460292,none
